id,id_kecamatan,nama_kelurahan
1101010001,1101010,LATIUNG
1101010002,1101010,LABUHAN BAJAU
1101010003,1101010,SUAK LAMATAN
1101010004,1101010,ANA AO
1101010005,1101010,LATALING
1101010006,1101010,PULAU BENGKALAK
1101010007,1101010,BADEGONG
1101010008,1101010,KEBUN BARU
1101010009,1101010,ULUL MAYANG
1101010010,1101010,PASIR TINGGI
1101010011,1101010,LABUHAN JAYA
1101010012,1101010,LABUHAN BAKTI
1101010013,1101010,BATU RALANG
1101010014,1101010,ALUS ALUS
1101010015,1101010,SEUNEUBOK
1101010016,1101010,BLANG SEBEL
1101010017,1101010,TRANS BARU
1101010018,1101010,TRANS MERANTI
1101010019,1101010,TRANS JERNGE
1101020022,1101020,AIR PINANG
1101020023,1101020,KUALA MAKMUR
1101020024,1101020,GANTING
1101020025,1101020,LINGGI
1101020026,1101020,LUGU
1101020027,1101020,SINABANG
1101020028,1101020,SUKA MAJU
1101020029,1101020,SUKA KARYA
1101020030,1101020,SUKA JAYA
1101020031,1101020,AIR DINGIN
1101020032,1101020,KOTA BATU
1101020035,1101020,SUAK BULUH
1101020036,1101020,UJUNG TINGGI
1101020037,1101020,PULAU SIUMAT
1101020038,1101020,SEFOYAN
1101020039,1101020,AMAITENG MULIA
1101020040,1101020,AMERIA BAHAGIA
1101021001,1101021,SITAL
1101021002,1101021,LEUBANG
1101021003,1101021,LEUBANG HULU
1101021004,1101021,AWE SEUBAL
1101021005,1101021,LANTIK
1101021006,1101021,AWE KECIL
1101021007,1101021,SALUR
1101021008,1101021,SALUR LATUN
1101021009,1101021,SALUR LASENGALU
1101021010,1101021,NANCALA
1101021011,1101021,MAUDIL
1101021012,1101021,INOR
1101021013,1101021,NAIBOS
1101021014,1101021,LAAYON
1101021015,1101021,ANGKEO
1101021016,1101021,BUNON
1101021017,1101021,SILENGAS
1101021018,1101021,PULAU TEUPAH
1101022001,1101022,KAHAT
1101022002,1101022,BUSUNG INDAH
1101022003,1101022,NANCAWA
1101022004,1101022,LABUAH
1101022005,1101022,ABAIL
1101022006,1101022,SIMPANG ABAIL
1101022007,1101022,LANTING
1101022008,1101022,LASIKIN
1101022009,1101022,MATANURUNG
1101022010,1101022,SUA SUA
1101022011,1101022,BATU BATU
1101022012,1101022,SITUBUK
1101030001,1101030,DIHIT
1101030002,1101030,LAUKE
1101030003,1101030,LAMBAYA
1101030004,1101030,LAKUBANG
1101030005,1101030,KAMPUNG AIE
1101030006,1101030,LAUREE
1101030007,1101030,LATITIK
1101030008,1101030,LAMAYANG
1101030009,1101030,WEL WEL
1101030020,1101030,SITUFA JAYA
1101030021,1101030,PUTRA JAYA
1101030022,1101030,LUAN SORIP
1101030023,1101030,SUAK BARU
1101030024,1101030,SEBBE
1101030025,1101030,KUTA BARU
1101030026,1101030,WEL LANGKOM
1101031001,1101031,KUALA BAKTI
1101031002,1101031,LUGU SEBAHAK
1101031003,1101031,GUNUNG PUTIH
1101031004,1101031,BABUSSALAM
1101031005,1101031,MUARA AMAN
1101031006,1101031,LUAN BALU
1101031007,1101031,SAMBAI
1101031008,1101031,KUALA BARU
1101031009,1101031,TANJUNG RAYA
1101031010,1101031,BULU HADIK
1101032001,1101032,BUBUHAN
1101032002,1101032,AMARABU
1101032003,1101032,KUTA INANG
1101032004,1101032,KUTA PADANG
1101032005,1101032,LATAK AYAH
1101032006,1101032,SIBULUH
1101032007,1101032,BORENGAN
1101032008,1101032,UJUNG PADANG
1101040001,1101040,UJUNG SALANG
1101040002,1101040,PADANG UNOI
1101040003,1101040,MEUNAFA
1101040004,1101040,NASREUHE
1101040005,1101040,ALONG
1101040006,1101040,PANTON LAWE
1101040007,1101040,MUTIARA
1101040008,1101040,KARYA BAKTI
1101040009,1101040,TAMON JAYA
1101040010,1101040,JAYA BARU
1101040011,1101040,TAMENG
1101040012,1101040,LALLA BAHAGIA
1101040013,1101040,SUAK MANANG
1101040014,1101040,BUNGA
1101040015,1101040,GANANG PUSAKO
1101040016,1101040,KENANGAN JAYA
1101050007,1101050,SANGGIRAN
1101050008,1101050,AMABAAN
1101050009,1101050,MITEUM
1101050010,1101050,MALASIN
1101050011,1101050,LAMAMEK
1101050012,1101050,SIGULAI
1101050013,1101050,SEMBILAN
1101050014,1101050,LAYABAUNG
1101050015,1101050,LHOK MAKMUR
1101050016,1101050,UJUNG HARAPAN
1101050017,1101050,LHOK BIKHAO
1101050018,1101050,BABUL MAKMUR
1101050019,1101050,BATU RAGI
1101050020,1101050,SINAR BAHAGIA
1101051001,1101051,LAFAKHA
1101051002,1101051,LHOK DALAM
1101051003,1101051,LUBUK BAIK
1101051004,1101051,LANGI
1101051005,1101051,SERAFON
1101051006,1101051,LHOK PAUH
1101051007,1101051,LAMEREM
1101051008,1101051,LEWAK
1102010003,1102010,PULAU BAGUK
1102010004,1102010,PULAU BALAI
1102010005,1102010,TELUK NIBUNG
1102011001,1102011,ASANTOLA
1102011002,1102011,UJUNG SIALIT
1102011003,1102011,HALOBAN
1102011004,1102011,SUKA MAKMUR
1102020003,1102020,PULO SAROK
1102020004,1102020,PASAR SINGKIL
1102020005,1102020,UJUNG
1102020006,1102020,KOTA SIMBOLING
1102020007,1102020,KILANGAN
1102020009,1102020,TELUK AMBUN
1102020010,1102020,RANTAU GEDANG
1102020011,1102020,TELUK RUMBIA
1102020012,1102020,TAKAL PASIR
1102020013,1102020,SELOK ACEH
1102020014,1102020,PEA BUMBUNG
1102020015,1102020,PEMUKA
1102020019,1102020,SUKA DAMAI
1102020020,1102020,UJUNG BAWANG
1102020021,1102020,SITI AMBIA
1102020022,1102020,SUKA MAKMUR
1102021001,1102021,GOSONG TELAGA UTARA
1102021002,1102021,GOSONG TELAGA SELATAN
1102021003,1102021,GOSONG TELAGA TIMUR
1102021004,1102021,TELAGA BAKTI
1102021005,1102021,KAMPUNG BARU
1102021006,1102021,KETAPANG INDAH
1102021007,1102021,GOSONG TELAGA BARAT
1102022001,1102022,KAYU MENANG
1102022002,1102022,KUALA BARU SUNGAI
1102022003,1102022,KUALA BARU LAUT
1102022004,1102022,SUKA JAYA
1102030017,1102030,PANGI
1102030026,1102030,TUGAN
1102030027,1102030,CIBUBUKAN
1102030028,1102030,KAIN GOLONG
1102030029,1102030,SUKAREJO
1102030030,1102030,TUH TUHAN
1102030031,1102030,LAE GECIH
1102030032,1102030,SIATAS
1102030033,1102030,KUTA KERANGAN
1102030034,1102030,LIPAT KAJANG
1102030035,1102030,TANJUNG MAS
1102030036,1102030,SERASAH
1102030038,1102030,UJUNG LIMUS
1102030039,1102030,SILATONG
1102030040,1102030,LAE RIMAN
1102030041,1102030,PERTABAS
1102030042,1102030,KUTA TINGGI
1102030043,1102030,LAE NIPE
1102030044,1102030,PAKIRAMAN
1102030048,1102030,LAE GAMBIR
1102030049,1102030,KUTA BATU
1102030050,1102030,GUHA
1102030051,1102030,LIPAT KAJANG ATAS
1102030052,1102030,SIDODADI
1102030053,1102030,PANDAN SARI
1102031001,1102031,PERTAMPAKAN
1102031002,1102031,TANAH MERAH
1102031003,1102031,SEBATANG
1102031004,1102031,SEPING BARU
1102031005,1102031,PERANGUSAN
1102031006,1102031,GUNUNG LAGAN
1102031007,1102031,TANAH BARA
1102031008,1102031,SUKA MAKMUR
1102031009,1102031,SIDOREJO
1102031010,1102031,PANDAN SARI
1102031011,1102031,BLOK 31
1102031012,1102031,BLOK 18
1102031013,1102031,SANGGABERU SILULUSAN
1102031014,1102031,BLOK 15
1102031015,1102031,TULAAN
1102031016,1102031,BLOK VI BARU
1102031017,1102031,TUNAS HARAPAN
1102031018,1102031,LAE BUTAR
1102031019,1102031,RIMO
1102031020,1102031,SIANJO ANJO MERIAH
1102031021,1102031,CINGKAM
1102031022,1102031,BUKIT HARAPAN
1102031023,1102031,PENJAHITAN
1102031024,1102031,TANJUNG BETIK
1102031025,1102031,LABUHAN KERA
1102032001,1102032,SITUBAN MAKMUR
1102032002,1102032,LAE BALNO
1102032003,1102032,SIKORAN
1102032004,1102032,NAPA GALUH
1102032005,1102032,BISKANG
1102032006,1102032,SITUBUH-TUBUH
1102033001,1102033,MANDUMPANG
1102033002,1102033,ALUR LINCI
1102033003,1102033,SIRIMO MUNGKUR
1102033004,1102033,KERAS
1102033005,1102033,KETANGKUHAN
1102033006,1102033,SIOMPIN
1102033007,1102033,BULU ARA
1102033008,1102033,LAE BANGUN
1102033009,1102033,BULU SEMA
1102033010,1102033,PANGKALAN SULAMPI
1102033011,1102033,SURO BARU
1102042001,1102042,SRI KAYU
1102042002,1102042,PEA JAMBU
1102042003,1102042,LAE PINANG
1102042004,1102042,SINGKOHOR
1102042006,1102042,MUKTI JAYA
1102042007,1102042,LAE SIPOLA
1102043001,1102043,MUARA PEA
1102043002,1102043,SUMBER MUKTI
1102043003,1102043,LADANG BISIK
1102043004,1102043,SAMAR DUA
1102043005,1102043,BUTAR
1102043006,1102043,MUKTI LINCIR
1102043007,1102043,LAPAHAN BUAYA
1102043008,1102043,LENTONG
1102043009,1102043,DANAU BUNGARA
1103010001,1103010,KUTA PADANG
1103010002,1103010,RAKET
1103010003,1103010,GAMPONG TENGAH
1103010004,1103010,TEPIN TINGGI
1103010005,1103010,IE MEUDAMA
1103010009,1103010,UJONG TAN0H
1103010010,1103010,KEUDE TRUMON
1103010011,1103010,KUTA BARU
1103010012,1103010,SINGLENG
1103010013,1103010,PANTON BILI
1103010027,1103010,UPT II PD HARAPAN
1103010030,1103010,SEUNABOK JAYA (EX UPT V)
1103011001,1103011,TITI POBEN
1103011002,1103011,ALUR BUJOK
1103011003,1103011,SEUNEUBOK PUNTHO
1103011008,1103011,PINTO RIMBA
1103011009,1103011,KRUNG LUAS
1103011010,1103011,JAMBO DALEM
1103011011,1103011,KAPAI SEUSAK
1103011012,1103011,UPT I SNB PUSAKA
1103012001,1103012,LHOK RAYA
1103012002,1103012,IE JEUREUNEH
1103012003,1103012,NACA
1103012004,1103012,COT BAYU
1103012005,1103012,JAMBO PAPEUN
1103012006,1103012,LADANG RIMBA
1103012007,1103012,PULO PAYA
1103012008,1103012,KRUENG BATEE
1103012009,1103012,KAMPONG TEUNGOH
1103012010,1103012,GUNONG KAPHO
1103020001,1103020,UJUNG MANGKI
1103020002,1103020,KEUDE BAKONGAN
1103020003,1103020,KAMPUNG BARU
1103020014,1103020,UJUNG PADANG
1103020015,1103020,KMP DRIEN
1103020023,1103020,DAHRUL IHSAN
1103020024,1103020,PADANG BEURAHAN
1103021002,1103021,UJUNG PULO CUT
1103021003,1103021,UJUNG PULO RAYEUK
1103021004,1103021,PASI SEUBADEH
1103021005,1103021,LADANG RIMBA
1103021006,1103021,SIMPANG
1103021007,1103021,SAWAH TINGKEUM
1103021008,1103021,SEULEUKAT
1103022001,1103022,SENEUBOK ALUR BULAH
1103022002,1103022,ALURDUAMAS
1103022003,1103022,JAMBO KEUPOK
1103022004,1103022,UJUNG TANOH
1103022005,1103022,BEUTONG
1103022006,1103022,UJUNG GUNONG RAYEK
1103022007,1103022,UJUNG GUNUNG CUT
1103022008,1103022,RAMBONG
1103022009,1103022,SEUNEUBOK KEURANJI
1103022010,1103022,BUKIT GADING
1103030001,1103030,PASI LEMBANG
1103030002,1103030,UJUNG PADANG
1103030003,1103030,INDRA DAMAI
1103030004,1103030,SUAQ BAKONG
1103030005,1103030,BARAT DAYA
1103030006,1103030,SIALANG
1103030007,1103030,KAPEH
1103030008,1103030,PULO IE
1103030009,1103030,JUA
1103030010,1103030,PASI MERAPAT
1103030011,1103030,UJUNG
1103030012,1103030,LUAR
1103030013,1103030,KEDAI KANDANG
1103030014,1103030,RANTAU BINUANG
1103030015,1103030,UJUNG PASIR
1103030016,1103030,GELUMBUK
1103030017,1103030,KEDAI RUNDING
1103031001,1103031,SAPIK
1103031002,1103031,DURIAN KAWAN
1103031003,1103031,ALAI
1103031004,1103031,PAYA DAPUR
1103031005,1103031,PUCUK LEMBANG
1103031006,1103031,LAWE BULUH DIDI
1103031007,1103031,LAWE SAWAH
1103031008,1103031,PAYA LABA
1103031009,1103031,LAWE CIMANOK
1103040001,1103040,KEDAI PADANG
1103040002,1103040,PASI KUALA BAU
1103040003,1103040,SUAQ GERINGGENG
1103040004,1103040,SIMPANG LHEE
1103040005,1103040,SIMPANG EMPAT
1103040006,1103040,JAMBO MANYANG
1103040007,1103040,LIMAU PURUT
1103040008,1103040,PULO KAMBING
1103040009,1103040,KAMPUNG PAYA
1103040010,1103040,KRUENG BATU
1103040011,1103040,GUNONG PULO
1103040012,1103040,PULO IE I
1103040013,1103040,KRUENG BATEE
1103040014,1103040,PASI KUALA ASAHAN
1103040015,1103040,FAJAR HARAPAN
1103040036,1103040,KRUENG KLUET
1103040039,1103040,ALUR MAS
1103040050,1103040,KAMPUNG TINGGI
1103040051,1103040,KAMPUNG RUAK
1103040052,1103040,KOTA FAJAR
1103040053,1103040,GUNUNG PUDUNG
1103041001,1103041,UJUNG PADANG ASAHAN
1103041002,1103041,PULO IE II
1103041003,1103041,IE MIRAH
1103041004,1103041,UJUNG PADANG RASIAN
1103041005,1103041,PASI RASIAN
1103041006,1103041,TEUPIN GAJAH
1103041007,1103041,KAMPUNG BARO
1103041008,1103041,KRUENG KELEE
1103041009,1103041,LHOK SIALANG RAYEUK
1103041010,1103041,LHOK SIALANG CUT
1103041011,1103041,PAYATEUK
1103041012,1103041,SILOLO
1103041013,1103041,KAMPUNG BARU
1103041014,1103041,SI NEUBOK
1103041015,1103041,LADANG TUHA
1103041016,1103041,PANTON BILI
1103041017,1103041,LADANG TEUNGOH
1103041018,1103041,PUCUK KRUENG
1103041019,1103041,MATA IE
1103041020,1103041,UJUNG BATU
1103041021,1103041,PANTE RAJA
1103042001,1103042,JAMBO PAPAN
1103042002,1103042,KOTO INDARUNG
1103042003,1103042,SIURAI URAI
1103042004,1103042,MALAKA
1103042005,1103042,LAWE MELANG
1103042006,1103042,KOTO
1103042007,1103042,KAMPUNG SAWAH
1103042008,1103042,KAMPUNG PADANG
1103042009,1103042,PULO AIR
1103042010,1103042,MERSAK
1103042011,1103042,SIMPANG DUA
1103042012,1103042,SIMPANG TIGA
1103042013,1103042,ALUR KEJRUN
1103050001,1103050,GUNUNG KERAMBIL
1103050002,1103050,AIR BERUDANG
1103050003,1103050,LHOK KETAPANG
1103050004,1103050,HILIR
1103050005,1103050,PASAR
1103050006,1103050,PADANG
1103050007,1103050,TEPI AIR
1103050008,1103050,HULU
1103050009,1103050,JAMBO APHA
1103050010,1103050,LHOK BENGKUANG
1103050011,1103050,BATU ITAM
1103050012,1103050,PANJUPIAN
1103050013,1103050,LHOK RUKAM
1103050014,1103050,AIR PINANG
1103050015,1103050,PANTON LUAS
1103050016,1103050,LHOK BENGKUANG TIMUR
1103060001,1103060,UJUNG TANAH
1103060002,1103060,PAYONAN GADANG
1103060003,1103060,LUBUK LAYU
1103060004,1103060,SUAQ HULU
1103060005,1103060,LUAR
1103060006,1103060,UJUNG KAMPUNG
1103060007,1103060,TAMPANG
1103060008,1103060,JILATANG
1103060009,1103060,AIR SIALANG HULU
1103060010,1103060,AIR SIALANG TENGAH
1103060011,1103060,AIR SIALANG HILIR
1103060012,1103060,SUBARANG
1103060013,1103060,GUNUNG KETEK
1103060014,1103060,KOTA BARU
1103060015,1103060,MADAT
1103060016,1103060,DALAM
1103060017,1103060,TENGAH
1103060018,1103060,BALAI
1103060019,1103060,BARU
1103060020,1103060,GADANG
1103060021,1103060,LADANG KASIK PUTIH
1103060022,1103060,LADANG PANTON LUAS
1103060023,1103060,ALUR SIMERAH
1103060024,1103060,ALUR PINANG
1103060025,1103060,GUNUNG CUT
1103060026,1103060,KUTA BLANG
1103060027,1103060,BATEE TUNGGAI
1103060028,1103060,ARAFAH
1103070001,1103070,SAWANG BAU
1103070002,1103070,UJUNG PADANG
1103070003,1103070,KUTA BARO
1103070004,1103070,SIMPANG III
1103070005,1103070,BLANG GELINGGANG
1103070006,1103070,MEULIGO
1103070007,1103070,SAWANG I
1103070008,1103070,SAWANG II
1103070009,1103070,UJUNG KARANG
1103070010,1103070,LHOK PAWOH
1103070011,1103070,PANTON LUAS
1103070012,1103070,TRIENG MEUDURO TUNONG
1103070013,1103070,TRIENG MEUDURO BAROH
1103070014,1103070,SIKULAT
1103070015,1103070,MUTIARA
1103080001,1103080,ALUE MEUTUAH
1103080002,1103080,LHOK AMAN
1103080003,1103080,LADANG BARO
1103080004,1103080,LABUHAN TAROK
1103080005,1103080,TANJUNG HARAPAN
1103080006,1103080,KUTA BARO
1103080007,1103080,KEUDE MEUKEK
1103080008,1103080,ARON TUNGGAI
1103080009,1103080,BLANG BLADEH
1103080010,1103080,BLANG TEUNGOH
1103080011,1103080,IE BUBOH
1103080012,1103080,KUTA BULOH II
1103080013,1103080,KUTA BULOH I
1103080014,1103080,IE DINGEN
1103080015,1103080,DRIEN JALO
1103080016,1103080,JAMBO PAPEUN
1103080017,1103080,BUKET MEUH
1103080018,1103080,ALUE BARO
1103080019,1103080,ROT TEUNGOH
1103080020,1103080,BLANG KUALA
1103080021,1103080,LADANG TUHA
1103080022,1103080,LHOK MAMPLAM
1103080023,1103080,LABUHAN TAROK II
1103090010,1103090,PADANG BARU
1103090011,1103090,LEMBAH BARU
1103090012,1103090,TENGAH BARU
1103090013,1103090,PAWOH
1103090014,1103090,APHA
1103090015,1103090,PASAR LAMA
1103090016,1103090,PADANG BAKAU
1103090028,1103090,BAKAU HULU
1103090029,1103090,MANGGIS HARAPAN
1103090030,1103090,UJUNG BATU
1103090031,1103090,DALAM
1103090032,1103090,KOTA PALAK
1103090033,1103090,CACANG
1103090034,1103090,TENGAH PISANG
1103090035,1103090,PISANG
1103090036,1103090,HULU PISANG
1103091001,1103091,KEUMUMU HILIR
1103091002,1103091,PAYA PEULUMAT
1103091003,1103091,TENGAH PEULUMAT
1103091004,1103091,PADANG PEULUMAT
1103091005,1103091,LIMAU SARING
1103091006,1103091,AUR PEULUMAT
1103091007,1103091,KEUMUMU HULU
1103091008,1103091,BEUTONG
1103091009,1103091,PEUNALOP
1103091010,1103091,GUNUNG ROTAN
1103091011,1103091,KEUMUMU SEBERANG
1103091012,1103091,SAWANG INDAH
1103092001,1103092,PULO IE
1103092002,1103092,SUAK LOKAN
1103092003,1103092,IKU LHUNG
1103092004,1103092,PANTE GEULIMA
1103092005,1103092,BLANG BARU
1103092006,1103092,BLANG POROH
1103092007,1103092,KUTA IBOH
1103092008,1103092,TUTONG
1103092009,1103092,UJUNG PADANG
1103092010,1103092,TENGAH IBOH
1103092011,1103092,PEULOKAN
1103092012,1103092,KUTA TRIENG
1103092013,1103092,PANTON PAWOH
1103092014,1103092,BATEE MEUCANANG
1103092015,1103092,PANTON RUBEK
1104010021,1104010,MUARA BARU
1104010022,1104010,PASIR BANGUN
1104010023,1104010,NGKERAN
1104010024,1104010,LAWE KONGKIR
1104010025,1104010,KUBU
1104010026,1104010,KUTA CINGKAM II
1104010027,1104010,KUTA CINGKAM I
1104010028,1104010,LAWE SEMPILANG
1104010029,1104010,KUTA BATU II
1104010030,1104010,KUTA BATU I
1104010031,1104010,PRAPAT BATU NUNGGUL
1104010032,1104010,PULO SEPANG
1104010034,1104010,PAYA MUNJE
1104010035,1104010,DARUL AMIN
1104010036,1104010,LAWE LUBANG INDAH
1104010037,1104010,BATU HAMPARAN
1104010038,1104010,RIH MBELANG
1104010039,1104010,KUTE BATU BARU
1104010040,1104010,RUMAH KAMPUNG
1104010041,1104010,PASEKH PEKHMATE
1104010042,1104010,PASIR NUNGGUL
1104010043,1104010,LAWE KONGKIR HILIR
1104010044,1104010,PULO NDADAP
1104010045,1104010,PINTU KHIMBE
1104010046,1104010,PULO GADUNG
1104010047,1104010,CINGKAM MERANGGUN
1104010048,1104010,PASIR NUNANG
1104010049,1104010,DELENG KUKUSEN
1104011001,1104011,PENGUHAPAN
1104011002,1104011,SALIM PIPIT
1104011003,1104011,LAWE SUMUR
1104011004,1104011,UNING SIGUGUR
1104011005,1104011,KUTA LANG LANG
1104011006,1104011,LUMBAN SITIO TIO
1104011007,1104011,MERANTI
1104011008,1104011,PERDAMEAN
1104011009,1104011,MUTIARA DAMAI
1104011010,1104011,LUMBAN TUA
1104011011,1104011,DOLOK NAULI
1104011012,1104011,TUHI JONGKAT
1104011013,1104011,TITI MAS
1104011017,1104011,LAWE MALUN
1104011018,1104011,ALUR BANING
1104011019,1104011,SIGAI INDAH
1104011020,1104011,SUMUR ALAS
1104011021,1104011,TUAH MESADE
1104011022,1104011,LINGGA ALAS
1104011023,1104011,RAMBUNG TUBUNG
1104011024,1104011,SPERINDING
1104011025,1104011,TANAH SUBUR
1104011026,1104011,PINGGAN MBLANG
1104011027,1104011,UKIR DELENG
1104011028,1104011,ALAS MESIKHAT
1104011029,1104011,TITI HARAPAN
1104011030,1104011,ALUR BARU
1104012001,1104012,ALUR LANGSAT
1104012002,1104012,LAWE TUNGKAL
1104012003,1104012,RUMAH LUAR
1104012005,1104012,RAMBAH SAYANG
1104012006,1104012,JAMBUR DAMAR
1104012007,1104012,TENEMBAK ALAS
1104012008,1104012,SALIM PINIM
1104012009,1104012,RUTUNG MBELANG
1104012010,1104012,SETAMBUL JAYA
1104012011,1104012,ALUR NANGKA
1104012012,1104012,TIMANG RASA
1104012013,1104012,JAMBUR PERMATA
1104012014,1104012,KUTE MEJILE
1104012015,1104012,SALIM PINIM II
1104020011,1104020,LAWE LONING GAB
1104020012,1104020,LAWE LONING AMAN
1104020013,1104020,GABUNGAN PARSAORAN
1104020014,1104020,KEDATARAN GAB
1104020016,1104020,KUTA TENGAH
1104020017,1104020,TANAH BARU
1104020018,1104020,LAWE SIGALA TIMUR
1104020019,1104020,LAWE SIGALA BARAT
1104020020,1104020,SUKA DAMAI
1104020021,1104020,LAWE SIGALA II
1104020022,1104020,LAWE TUA GAB
1104020023,1104020,BUKIT MERDEKA
1104020024,1104020,LAWE KESUMPAT
1104020027,1104020,DARUL AMAN
1104020035,1104020,LAWE LONING SEPAKAT
1104020036,1104020,GAYA JAYA
1104020037,1104020,LAWE LONING I
1104020038,1104020,LAWE RAKAT
1104020039,1104020,SUKA MAJU
1104020040,1104020,SUKA JAYA
1104020041,1104020,LAWE SERKE
1104020042,1104020,LAWE TUA PERSATUAN
1104020043,1104020,LAWE TUA MAKMUR
1104020044,1104020,BUKIT SEPAKAT
1104020045,1104020,ENMYA BATU DUA RATUS
1104020046,1104020,SEBUNGKE
1104020047,1104020,LAWE LONING HAKHAPEN
1104020048,1104020,NDAUH NI TENGGAU
1104020049,1104020,KERTIMBANG
1104020050,1104020,LAWE SIGALA BARAT JAYA
1104020051,1104020,LAWE PEKHIDINAN
1104020052,1104020,GELAH MUSARA
1104020053,1104020,MULIE DAME
1104020054,1104020,KARYA INDAH
1104020055,1104020,KAYU MBELIN
1104021002,1104021,MUARA SITULEN
1104021003,1104021,PARDAMEAN
1104021004,1104021,SEJAHTERA
1104021005,1104021,KAMPUNG BHAKTI
1104021006,1104021,LAWE PERBUNGA
1104021007,1104021,CINTA DAMAI
1104021008,1104021,PARDOMUAN II
1104021009,1104021,LAWE DESKI SABAS
1104021010,1104021,PARDOMUAN I
1104021011,1104021,LAWE DESKI I
1104021017,1104021,MUSARA SETIA
1104021018,1104021,SEJAHTERA BARU
1104021019,1104021,TANOH ALAS
1104021020,1104021,CINTA MAKMUR
1104021021,1104021,LAWE MANTIK
1104021022,1104021,KUTE MAKMUR
1104021023,1104021,LAWE DESKY TONGAH
1104021024,1104021,LAWE TAWAKH
1104021025,1104021,SABILUSSALAM
1104021026,1104021,DESKI JAYA
1104021027,1104021,PINTU ALAS
1104022001,1104022,LAWE KINGA T TINGGI
1104022002,1104022,LAWE BERINGIN HORAS
1104022003,1104022,LAWE BERINGIN GAYO
1104022004,1104022,SUKA MAKMUR
1104022005,1104022,NGK ALUR BULUH
1104022006,1104022,SIMPANG SEMADAM
1104022007,1104022,SEMADAM AWAL
1104022008,1104022,KEBUN SERE
1104022009,1104022,SEMADAM ASAL
1104022010,1104022,LAWE KINGA GAB
1104022011,1104022,TITI PASIR
1104022012,1104022,PASAR PUNTUNG
1104022013,1104022,LAWE PETANDUK
1104022014,1104022,SEPAKAT SEGENEP
1104022015,1104022,KAMPUNG BARU
1104022016,1104022,SELAMAT INDAH
1104022017,1104022,LAWE MEJILE
1104022018,1104022,LAWE KINGA LAPTER
1104022019,1104022,LAWE PETANDUK I
1104023001,1104023,NAGA TIMBUL
1104023002,1104023,GUNUNG PAK-PAK
1104023003,1104023,BUNBUN ALAS
1104023004,1104023,TANJUNG SARI
1104023005,1104023,BINTANG ALGA MUSARA
1104023006,1104023,BUKIT BINTANG INDAH
1104023007,1104023,SUKA DAMAI
1104023008,1104023,SEPAKAT
1104023009,1104023,PUNCE NALI
1104023010,1104023,SADE ATE
1104023011,1104023,ARIH MEJILAI
1104023012,1104023,UKHAT PESELUK
1104023013,1104023,TUNAS MUDE
1104023014,1104023,GAYE SENDAH
1104023015,1104023,KUTE HAKHAPEN
1104023016,1104023,TUAH KERINE
1104023017,1104023,LAWE SEKHAKUT
1104023018,1104023,BUN BUN INDAH
1104023019,1104023,LAUT TAWAR
1104023020,1104023,KANE MENDE
1104023021,1104023,KOMPAS
1104023022,1104023,BUKIT MERIAH
1104023023,1104023,PERMATA MUSARA
1104030016,1104030,TUALANG SEMBILAR
1104030017,1104030,TERUTUNG PAYUNG HILIR
1104030018,1104030,TERUTUNG PAYUNG HULU
1104030019,1104030,LIKAT
1104030020,1104030,RIKIT
1104030021,1104030,KUNING I
1104030022,1104030,CINTA DAMAI
1104030023,1104030,KUNING II
1104030024,1104030,KUTA LANG LANG
1104030025,1104030,PEDESI
1104030026,1104030,BIAK MULI
1104030027,1104030,TERUTUNG MEGARA ASLI
1104030028,1104030,PINDING
1104030029,1104030,LAWE HIJO
1104030034,1104030,BAMBEL GABUNGAN
1104030040,1104030,PULO KEDONDONG
1104030041,1104030,PULO PERENGGE
1104030042,1104030,KUTE ANTARA
1104030046,1104030,TERUTUNG SEPERAI
1104030047,1104030,LAWE KIHING
1104030048,1104030,BAMBEL
1104030049,1104030,KUTE SERI
1104030050,1104030,KUTA BULUH
1104030051,1104030,TUALANG SEMBILAR BARU
1104030052,1104030,TERUTUNG PAYUNG GABUNGAN
1104030053,1104030,BIAK MULI BARU
1104030054,1104030,BIAK MULI PANTE RAJA
1104030055,1104030,BIAK MULI SEJAHTERA
1104030056,1104030,LAWE HIJO METUAH
1104030057,1104030,LAWE HIJO AMPERA
1104030058,1104030,LEMBAH HAJI
1104030059,1104030,KUTA LANG LANG BARU
1104030060,1104030,PANCAR IMAN
1104031001,1104031,MAHA SINGKIL
1104031002,1104031,TENEMBAK BINTANG
1104031003,1104031,ALUR BULUH
1104031004,1104031,TUALANG BARU
1104031005,1104031,KUTA LENGAT PAGAN
1104031006,1104031,KUTA LENGAT SELIAN
1104031007,1104031,KUTA LINGGA
1104031008,1104031,REMA
1104031009,1104031,LAWE DUA GAB
1104031010,1104031,KERUKUNAN
1104031012,1104031,RIKIT BUR
1104031013,1104031,AMALIAH
1104031014,1104031,GUMPANG
1104031015,1104031,PEJUANG
1104031016,1104031,SEBUDI JAYA
1104031017,1104031,BAMBEL BARU
1104031018,1104031,DARUSSALAM
1104031019,1104031,KUTE GEKHAT
1104031020,1104031,MBAK SAKO
1104031021,1104031,PAYE RAMBUNG
1104031022,1104031,DARUL IMAMI
1104031023,1104031,RIKIT BUR II
1104031024,1104031,EMPAT LIMA
1104032001,1104032,KUTA LESUNG
1104032002,1104032,BERANDANG
1104032003,1104032,LAWE SUMUR
1104032004,1104032,TERUTUNG MEGARE LAWE PASARAN
1104032005,1104032,KISAM GABUNGAN
1104032006,1104032,PENOSAN
1104032007,1104032,KISAM KUTE PASIR
1104032008,1104032,BUAH PALA
1104032009,1104032,KUTE BUNIN
1104032010,1104032,LAWE SUMUR BARU
1104032011,1104032,SETIA BARU
1104032012,1104032,LAWE PERLAK
1104032013,1104032,LAWE SUMUR SEPAKAT
1104032014,1104032,TERUTUNG MEGARA BARU
1104032015,1104032,LAWE PASARAN TENGKU MBELIN
1104032016,1104032,KISAM LESTARI
1104032017,1104032,KISAM KUTA RAMBE
1104032018,1104032,TIGER MIKO
1104040001,1104040,KUTA RIH
1104040002,1104040,KUTACANE LAMA
1104040003,1104040,PERAPAT HILIR
1104040004,1104040,PERAPAT HULU
1104040005,1104040,PULO LATONG
1104040010,1104040,KOTA KUTACANE
1104040011,1104040,MUARA LAWE BULAN
1104040012,1104040,MBARUNG
1104040013,1104040,PULONAS
1104040021,1104040,BATU BULAN I
1104040022,1104040,BATU BULAN II
1104040023,1104040,BATU BULAN ASLI
1104040024,1104040,KAMPUNG RAJA
1104040026,1104040,KAMPUNG MELAYU GABUNGAN
1104040027,1104040,TERUTUNG PEDI
1104040029,1104040,GUMPANG JAYA
1104040030,1104040,BATUMBULAN BARU
1104040031,1104040,UJUNG BARAT
1104040032,1104040,PULO PEDING
1104040033,1104040,MEDABE
1104040034,1104040,PERAPAT SEPAKAT
1104040035,1104040,PERAPAT TITI PANJANG
1104040036,1104040,PULO SANGGAR
1104040037,1104040,MBARUNG DATUK SAUDANE
1104040038,1104040,BATU BULAN SEPAKAT
1104040039,1104040,KAMPUNG MELAYU I
1104040040,1104040,ALAS MERANCAR
1104041001,1104041,PASIR PENJENGAKAN
1104041002,1104041,KUTAMBARU
1104041003,1104041,PASIR GALA
1104041004,1104041,LAWE RUTUNG
1104041005,1104041,KUTA BANTIL
1104041006,1104041,LAWE KULOK
1104041007,1104041,LAWE SAGU HULU
1104041012,1104041,TENEMBAK JUHAR
1104041013,1104041,LAWE SAGU HILIR
1104041014,1104041,KP NANGKA GAB
1104041016,1104041,TELAGA MEKAR
1104041018,1104041,KUTE BULUH BOTONG
1104041019,1104041,KUTE MBARU BENCAWAN
1104041020,1104041,PULONAS BARU
1104041021,1104041,SIMPANG EMPAT
1104041022,1104041,KANDANG BELANG MANDIRI
1104041023,1104041,MBACANG RACUN
1104041024,1104041,LAWE KINGE
1104041025,1104041,PERAPAT TIMUR
1104041026,1104041,BAHAGIA
1104041027,1104041,KUTA GALUH
1104041028,1104041,KUTE GENTING
1104041029,1104041,LAWE SAGU
1104041030,1104041,KUTE PANGGUH
1104050002,1104050,KAMPUNG BARU
1104050003,1104050,PURWODADI
1104050004,1104050,LAWE BEKUNG
1104050005,1104050,SALANG ALAS
1104050006,1104050,KUTA TINGGI
1104050014,1104050,PERANGINAN
1104050015,1104050,KUTA PASIR
1104050022,1104050,NATAM
1104050034,1104050,KUMBANG JAYA
1104050035,1104050,KUMBANG INDAH
1104050036,1104050,DELENG MEGAKHE
1104050037,1104050,LAWE BEKUNG TEMPAHAN
1104050038,1104050,BADAR INDAH
1104050040,1104050,NATAM BARU
1104050041,1104050,TANAH MERAH
1104050042,1104050,BATU MBERONG
1104050043,1104050,LAWE SEKERAH
1104050044,1104050,TANOH MEGAKHE
1104051001,1104051,GULO
1104051002,1104051,LAWE STUL
1104051003,1104051,KITE MERANGGUN
1104051004,1104051,PULO PIKU
1104051005,1104051,TERUTUNG KUTE
1104051006,1104051,KUTA UJUNG
1104051007,1104051,MAMAS
1104051008,1104051,TANJUNG LAMA
1104051009,1104051,TANJUNG MUDA
1104051010,1104051,TANJUNG AMAN
1104051011,1104051,RAMBUNG TELDAK
1104051012,1104051,SERIMUDA
1104051013,1104051,DARUL MAKMUR
1104051014,1104051,KUTE RAMBE
1104051015,1104051,UJUNG BARU
1104051016,1104051,MAMAS BARU
1104051017,1104051,RAMBUNG JAYA
1104051018,1104051,MAKMUR JAYA
1104051019,1104051,PULO GADUNG
1104051020,1104051,ISTIQOMAH
1104051021,1104051,KHOTAN JAYA
1104051022,1104051,LAWE MAMAS INDAH
1104051023,1104051,TANJUNG BARU
1104051024,1104051,SIMPANG IV TANJUNG
1104051025,1104051,TANJUNG LEUSER
1104051026,1104051,LAWE PINIS
1104051027,1104051,KUNING ABADI
1104051028,1104051,BUNTUL KENDAWI
1104052001,1104052,DELENG DAMAR
1104052002,1104052,SIMPANG III JONGAR
1104052003,1104052,PENYEBRANGAN CINGKAM
1104052004,1104052,JONGAR
1104052005,1104052,LAWE PENANGGALAN
1104052006,1104052,JAMBUR LAK LAK
1104052007,1104052,LAWE MENGKUDU
1104052008,1104052,AUNAN SEPAKAT
1104052009,1104052,KETAMBE
1104052010,1104052,RUMAH BUNDAR
1104052011,1104052,KAYU MENTANGUR
1104052012,1104052,LAWE SEMBEKAN
1104052013,1104052,LAWE GEKH GEKH
1104052014,1104052,LAWE BERINGIN
1104052015,1104052,BENER BERPAPAH
1104052016,1104052,DATUK PINDING
1104052017,1104052,PENUNGKUNEN
1104052018,1104052,JATI SARA
1104052019,1104052,LEUSER
1104052020,1104052,BUKIT BARU
1104052021,1104052,KATI MAJU
1104052022,1104052,LAWE AUNAN
1104052023,1104052,BINTANG BENER
1104052024,1104052,SUKA RIMBUN
1104052025,1104052,SIMPUR JAYA
1104053001,1104053,BUNGA MELUR
1104053002,1104053,TERUTUNG MBELANG
1104053003,1104053,TENEMBAK LANG LANG
1104053004,1104053,PENAMPAAN
1104053005,1104053,TUALANG LAMA
1104053006,1104053,LAWE PANGKAT
1104053007,1104053,GUSUNG BATU
1104053008,1104053,KAYA PANGUR
1104053009,1104053,RANTO DIUR
1104053010,1104053,LEMBAH ALAS
1104053011,1104053,KAMPUNG SEPAKAT
1104053012,1104053,SALANG SIGOTOM
1104053013,1104053,SALANG BARU
1104053014,1104053,SALANG MUARA
1104053015,1104053,MUHAJIRIN
1104053016,1104053,BERINGIN NARU
1104053017,1104053,TANOH KHUKAHEN
1104053018,1104053,TADING NIULIHI
1104053019,1104053,PESELUK PESIMBE
1104053020,1104053,KATI JEROH
1104053021,1104053,KANE LOT
1104053022,1104053,LAWE HAKHUM
1105080001,1105080,LOKOP
1105080002,1105080,TUALANG
1105080003,1105080,GAMPONG TERUJAK
1105080004,1105080,LELES
1105080013,1105080,UJUNG KARANG
1105080014,1105080,UJUNG TARING
1105080015,1105080,SUNTI
1105080016,1105080,SEKUALAN
1105080017,1105080,LOOT
1105080018,1105080,NALON
1105080019,1105080,JERING
1105080020,1105080,RAMPAH
1105080021,1105080,MESIR
1105080022,1105080,SELEMAK
1105080023,1105080,SEMBUANG
1105080028,1105080,BUNIN
1105080029,1105080,ALUR DRIEN
1105080030,1105080,UPT I KUALA PANGOH
1105081001,1105081,HTI RANTO NARO
1105081002,1105081,TAMPUR BOOR
1105081003,1105081,TAMPOR PALOH
1105081004,1105081,MELIDI
1105081005,1105081,BATU SUMBANG
1105081006,1105081,SIMPANG JERNIH
1105081007,1105081,PANTE KERA
1105081008,1105081,RANTAU PANJANG
1105082001,1105082,ARUL PINANG
1105082002,1105082,PEUNARON BARU
1105082003,1105082,PEUNARON LAMA
1105082004,1105082,BUKIT TIGA
1105082006,1105082,SRI MULYA
1105090001,1105090,BUKET TIGA
1105090002,1105090,BENTENG
1105090003,1105090,AFD.II BUKET
1105090004,1105090,ALUE DRIEN
1105090005,1105090,ALUE CANANG
1105090006,1105090,JAMBUR LABU
1105090007,1105090,ALUE BULOH
1105090008,1105090,PEUTOW
1105090009,1105090,KEMUNING HULU
1105090010,1105090,ALUE TEH
1105090011,1105090,PAYA TAMPAH
1105090012,1105090,PAYA BILI II
1105090013,1105090,PAYA RAMBONG
1105090014,1105090,ALUE GADENG SATU
1105090015,1105090,BIREM RAYEUK
1105090016,1105090,KEUDE BIREM
1105090017,1105090,ARAMIYAH
1105090018,1105090,PAYA BILI I
1105090019,1105090,MERBAU II
1105090020,1105090,PAYA PEULAWI
1105090021,1105090,BAYEUN
1105090022,1105090,ALUE GADENG
1105090023,1105090,PERK. ALUE GADENG DUA
1105090024,1105090,BUKIT SEULEMAK
1105090025,1105090,BLANG TUALANG
1105090026,1105090,ALUE SENTANG
1105090027,1105090,ALUE NYAMUK
1105100001,1105100,ALUE TUWI
1105100002,1105100,ALUE KAOL
1105100003,1105100,ALUE PUNTI
1105100004,1105100,DAMAR SIPUT
1105100005,1105100,SIMPANG PEUT
1105100006,1105100,SARAH KAYEE
1105100007,1105100,ALUR SEULEUMAK
1105100008,1105100,SIMPANG ANEUH
1105100009,1105100,GAMPONG BAYEUN
1105100010,1105100,SARAH TEUBEE
1105100011,1105100,RANTAU PANJANG
1105100012,1105100,ALUE RAYA
1105100013,1105100,SEUNEUBOK DALAM
1105100014,1105100,ALUE KUMBA
1105101001,1105101,GAJAH MENTAH
1105101002,1105101,SEUNEUBOK ACEH
1105101003,1105101,SEUNEUBOK PASE
1105101004,1105101,SUNGAI SIMPANG
1105101005,1105101,PAYA KEUTAPANG
1105101006,1105101,ALUE ITAM
1105101007,1105101,BUKIT DRIEN
1105101008,1105101,BUKIT SELAMAT
1105101009,1105101,KUALA PAREK
1105101010,1105101,LABUHAN KEUDE
1105101011,1105101,KRUENG LINGKA
1105101012,1105101,GEULUMPANG PAYONG
1105101013,1105101,ALUE RANGAN
1105110008,1105110,CEK MBON
1105110018,1105110,SEUNEUBOK PIDIE
1105110019,1105110,KUALA LEUGE
1105110020,1105110,SEUNEUBOK PEUSANGAN
1105110023,1105110,LEUBUK PEMPENG
1105110024,1105110,DAMA TUTONG
1105110025,1105110,BALE BUYA
1105110026,1105110,MATANG GLEUM
1105110027,1105110,ALUE NIBONG
1105110028,1105110,BUKET PALA
1105110029,1105110,BLANG SIMPO
1105110030,1105110,PAYA KALUT
1105110031,1105110,ALUE DUA PAYA GAJAH
1105110032,1105110,SEUNEUBOK ACEH
1105110033,1105110,UTEUN DAMA
